{
  "title": "SpaceWar",
  "packageName": "org.cocos2d.demo",
  "startScene": "96642738-0a3c-4530-811b-a85ebf0a3181",
  "excludeScenes": [],
  "includeSDKBox": false,
  "orientation": {
    "landscapeLeft": true,
    "landscapeRight": true,
    "portrait": false,
    "upsideDown": false
  },
  "webOrientation": "auto",
  "inlineSpriteFrames": true,
  "inlineSpriteFrames_native": true,
  "mergeStartScene": false,
  "optimizeHotUpdate": false,
  "md5Cache": true,
  "encryptJs": true,
  "xxteaKey": "ffa42637-0e09-46",
  "zipCompressJs": true,
  "fb-instant-games": {},
  "android": {
    "packageName": "org.cocos2d.demo"
  },
  "ios": {
    "packageName": "org.cocos2d.demo"
  },
  "mac": {
    "packageName": "org.cocos2d.demo"
  },
  "win32": {},
  "android-instant": {
    "REMOTE_SERVER_ROOT": "",
    "host": "",
    "packageName": "org.cocos2d.demo",
    "pathPattern": "",
    "recordPath": "",
    "scheme": "https",
    "skipRecord": false
  },
  "appBundle": false
}
