{
  "version": "1.1.1",
  "windows": {
    "main": {
      "main": true,
      "url": "app://editor/index.html",
      "windowType": "dockable",
      "x": 0,
      "y": 0,
      "width": 1920,
      "height": 1040,
      "layout": {
        "children": [
          {
            "children": [
              {
                "active": 0,
                "children": [
                  "hierarchy"
                ],
                "height": 456.78125,
                "type": "panel",
                "width": 307.40625
              },
              {
                "active": 0,
                "children": [
                  "assets"
                ],
                "height": 460.71875,
                "type": "panel",
                "width": 307.40625
              }
            ],
            "height": 920.5,
            "type": "dock-v",
            "width": 307.40625
          },
          {
            "children": [
              {
                "children": [
                  {
                    "active": 0,
                    "children": [
                      "scene"
                    ],
                    "height": 601.1875,
                    "type": "panel",
                    "width": 729.828125
                  },
                  {
                    "active": 0,
                    "children": [
                      "node-library"
                    ],
                    "height": 601.1875,
                    "type": "panel",
                    "width": 398.625
                  }
                ],
                "height": 601.1875,
                "type": "dock-h",
                "width": 1131.46875
              },
              {
                "active": 0,
                "children": [
                  "console",
                  "timeline",
                  "game-window"
                ],
                "height": 316.3125,
                "type": "panel",
                "width": 1131.46875
              }
            ],
            "height": 920.5,
            "type": "dock-v",
            "width": 1131.46875
          },
          {
            "active": 0,
            "children": [
              "inspector",
              "cocos-services"
            ],
            "height": 920.5,
            "type": "panel",
            "width": 459.125
          }
        ],
        "type": "dock-h"
      },
      "panels": [
        "hierarchy",
        "assets",
        "scene",
        "node-library",
        "console",
        "timeline",
        "game-window",
        "inspector",
        "cocos-services"
      ]
    },
    "worker": {}
  },
  "panels": {
    "preferences": {
      "x": 672,
      "y": 241,
      "width": 600,
      "height": 564
    },
    "project-settings": {
      "x": 672,
      "y": 241,
      "width": 600,
      "height": 564
    },
    "sprite-editor": {
      "x": 702,
      "y": 241,
      "width": 516,
      "height": 538
    },
    "builder": {
      "x": 702,
      "y": 141,
      "width": 516,
      "height": 738
    }
  },
  "panelLabelWidth": {
    "preferences": null,
    "inspector": null,
    "builder": null
  },
  "panelLabelWidth.preferences": null,
  "panelLabelWidth.inspector": null,
  "panelLabelWidth.builder": null
}
