{
  "9836134e-b892-4283-b6b2-78b5acf3ed45": {
    "asset": 1586331868000,
    "meta": 1586331868000,
    "relativePath": "effects"
  },
  "430eccbf-bf2c-4e6e-8c0c-884bbb487f32": {
    "asset": 1586331868000,
    "meta": 1593651767121,
    "relativePath": "effects\\__builtin-editor-gizmo-line.effect"
  },
  "6c5cf6e1-b044-4eac-9431-835644d57381": {
    "asset": 1586331868000,
    "meta": 1593651767138,
    "relativePath": "effects\\__builtin-editor-gizmo-unlit.effect"
  },
  "115286d1-2e10-49ee-aab4-341583f607e8": {
    "asset": 1586331868000,
    "meta": 1593651767172,
    "relativePath": "effects\\__builtin-editor-gizmo.effect"
  },
  "abc2cb62-7852-4525-a90d-d474487b88f2": {
    "asset": 1586331868000,
    "meta": 1593651767240,
    "relativePath": "effects\\builtin-phong.effect"
  },
  "e2f00085-c597-422d-9759-52c360279106": {
    "asset": 1586331868000,
    "meta": 1593651767295,
    "relativePath": "effects\\builtin-toon.effect"
  },
  "f8e6b000-5643-4b86-9080-aa680ce1f599": {
    "asset": 1586331868000,
    "meta": 1586331868000,
    "relativePath": "image"
  },
  "e851e89b-faa2-4484-bea6-5c01dd9f06e2": {
    "asset": 1586331868000,
    "meta": 1593651767322,
    "relativePath": "image\\default_btn_normal.png"
  },
  "71561142-4c83-4933-afca-cb7a17f67053": {
    "asset": 1586331868000,
    "meta": 1593651767319,
    "relativePath": "image\\default_btn_disabled.png"
  },
  "edd215b9-2796-4a05-aaf5-81f96c9281ce": {
    "asset": 1586331868000,
    "meta": 1593651767338,
    "relativePath": "image\\default_editbox_bg.png"
  },
  "b43ff3c2-02bb-4874-81f7-f2dea6970f18": {
    "asset": 1586331868000,
    "meta": 1593651767340,
    "relativePath": "image\\default_btn_pressed.png"
  },
  "99170b0b-d210-46f1-b213-7d9e3f23098a": {
    "asset": 1586331868000,
    "meta": 1593651767357,
    "relativePath": "image\\default_progressbar_bg.png"
  },
  "d81ec8ad-247c-4e62-aa3c-d35c4193c7af": {
    "asset": 1586331868000,
    "meta": 1593651767355,
    "relativePath": "image\\default_panel.png"
  },
  "567dcd80-8bf4-4535-8a5a-313f1caf078a": {
    "asset": 1586331868000,
    "meta": 1593651767372,
    "relativePath": "image\\default_radio_button_off.png"
  },
  "cfef78f1-c8df-49b7-8ed0-4c953ace2621": {
    "asset": 1586331868000,
    "meta": 1593651767375,
    "relativePath": "image\\default_progressbar.png"
  },
  "9d60001f-b5f4-4726-a629-2659e3ded0b8": {
    "asset": 1586331868000,
    "meta": 1593651767389,
    "relativePath": "image\\default_radio_button_on.png"
  },
  "4bab67cb-18e6-4099-b840-355f0473f890": {
    "asset": 1586331868000,
    "meta": 1593651767391,
    "relativePath": "image\\default_scrollbar_bg.png"
  },
  "617323dd-11f4-4dd3-8eec-0caf6b3b45b9": {
    "asset": 1586331868000,
    "meta": 1593651767405,
    "relativePath": "image\\default_scrollbar_vertical_bg.png"
  },
  "d6d3ca85-4681-47c1-b5dd-d036a9d39ea2": {
    "asset": 1586331868000,
    "meta": 1593651767408,
    "relativePath": "image\\default_scrollbar_vertical.png"
  },
  "0275e94c-56a7-410f-bd1a-fc7483f7d14a": {
    "asset": 1586331868000,
    "meta": 1593651767425,
    "relativePath": "image\\default_sprite_splash.png"
  },
  "0291c134-b3da-4098-b7b5-e397edbe947f": {
    "asset": 1586331868000,
    "meta": 1593651767422,
    "relativePath": "image\\default_scrollbar.png"
  },
  "73a0903d-d80e-4e3c-aa67-f999543c08f5": {
    "asset": 1586331868000,
    "meta": 1593651767438,
    "relativePath": "image\\default_toggle_checkmark.png"
  },
  "6e056173-d285-473c-b206-40a7fff5386e": {
    "asset": 1586331868000,
    "meta": 1593651767440,
    "relativePath": "image\\default_sprite.png"
  },
  "c25b9d50-c8fc-4d27-beeb-6e7c1f2e5c0f": {
    "asset": 1586331868000,
    "meta": 1593651767453,
    "relativePath": "image\\default_toggle_disabled.png"
  },
  "d29077ba-1627-4a72-9579-7b56a235340c": {
    "asset": 1586331868000,
    "meta": 1593651767456,
    "relativePath": "image\\default_toggle_normal.png"
  },
  "b181c1e4-0a72-4a91-bfb0-ae6f36ca60bd": {
    "asset": 1586331868000,
    "meta": 1593651767471,
    "relativePath": "image\\default_toggle_pressed.png"
  },
  "5c3eedba-6c41-4c0c-9ba7-d91f813cbd1c": {
    "asset": 1586331868000,
    "meta": 1586331868000,
    "relativePath": "materials"
  },
  "c4480a0a-6ac5-443f-8b40-361a14257fc8": {
    "asset": 1586331868000,
    "meta": 1593651768092,
    "relativePath": "materials\\builtin-phong.mtl"
  },
  "fc09f9bd-2cce-4605-b630-8145ef809ed6": {
    "asset": 1586331868000,
    "meta": 1586331868000,
    "relativePath": "misc"
  },
  "600301aa-3357-4a10-b086-84f011fa32ba": {
    "asset": 1586331868000,
    "meta": 1593651767479,
    "relativePath": "image\\default-particle.png"
  },
  "db019bf7-f71c-4111-98cf-918ea180cb48": {
    "asset": 1586331868000,
    "meta": 1586331868000,
    "relativePath": "model"
  },
  "e39e96e6-6f6e-413f-bcf1-ac7679bb648a": {
    "asset": 1586331868000,
    "meta": 1586331868000,
    "relativePath": "model\\prefab"
  },
  "a87cc147-01b2-43f8-8e42-a7ca90b0c757": {
    "asset": 1590377125360,
    "meta": 1593651767484,
    "relativePath": "model\\prefab\\box.prefab"
  },
  "fe1417b6-fe6b-46a4-ae7c-9fd331f33a2a": {
    "asset": 1590377125360,
    "meta": 1593651767488,
    "relativePath": "model\\prefab\\capsule.prefab"
  },
  "b5fc2cf2-7942-483d-be1f-bbeadc4714ad": {
    "asset": 1590377125370,
    "meta": 1593651767492,
    "relativePath": "model\\prefab\\cone.prefab"
  },
  "1c5e4038-953a-44c2-b620-0bbfc6170477": {
    "asset": 1590377125370,
    "meta": 1593651767496,
    "relativePath": "model\\prefab\\cylinder.prefab"
  },
  "3f376125-a699-40ca-ad05-04d662eaa1f2": {
    "asset": 1590377125380,
    "meta": 1593651767504,
    "relativePath": "model\\prefab\\plane.prefab"
  },
  "6c9ef10d-b479-420b-bfe6-39cdda6a8ae0": {
    "asset": 1590377125390,
    "meta": 1593651767507,
    "relativePath": "model\\prefab\\quad.prefab"
  },
  "2be36297-9abb-4fee-8049-9ed5e271da8a": {
    "asset": 1586331868000,
    "meta": 1593651767500,
    "relativePath": "misc\\default_video.mp4"
  },
  "2d9a4b85-b0ab-4c46-84c5-18f393ab2058": {
    "asset": 1590377125390,
    "meta": 1593651767511,
    "relativePath": "model\\prefab\\sphere.prefab"
  },
  "de510076-056b-484f-b94c-83bef217d0e1": {
    "asset": 1590377125480,
    "meta": 1593651767663,
    "relativePath": "model\\prefab\\torus.prefab"
  },
  "f6e6dd15-71d1-4ffe-ace7-24fd39942c05": {
    "asset": 1586331868000,
    "meta": 1586331868000,
    "relativePath": "obsolete"
  },
  "8a96b965-2dc0-4e03-aa90-3b79cb93b5b4": {
    "asset": 1586331868000,
    "meta": 1593651767680,
    "relativePath": "obsolete\\atom.png"
  },
  "f743d2b6-b7ea-4c14-a55b-547ed4d0a045": {
    "asset": 1586331868000,
    "meta": 1586331868000,
    "relativePath": "particle"
  },
  "b8223619-7e38-47c4-841f-9160c232495a": {
    "asset": 1586331868000,
    "meta": 1593651768110,
    "relativePath": "obsolete\\atom.plist"
  },
  "d0a82d39-bede-46c4-b698-c81ff0dedfff": {
    "asset": 1586331868000,
    "meta": 1593651767698,
    "relativePath": "particle\\atom.png"
  },
  "ae6c6c98-11e4-452f-8758-75f5c6a56e83": {
    "asset": 1586331868000,
    "meta": 1586331868000,
    "relativePath": "prefab"
  },
  "897ef7a1-4860-4f64-968d-f5924b18668a": {
    "asset": 1590377125520,
    "meta": 1593651767702,
    "relativePath": "prefab\\2d-camera.prefab"
  },
  "70d7cdb0-04cd-41bb-9480-c06a4785f386": {
    "asset": 1590377125520,
    "meta": 1593651767706,
    "relativePath": "prefab\\3d-camera.prefab"
  },
  "70bbeb73-6dc2-4ee4-8faf-76b3a0e34ec4": {
    "asset": 1590377125530,
    "meta": 1593651767711,
    "relativePath": "prefab\\3d-particle.prefab"
  },
  "b2687ac4-099e-403c-a192-ff477686f4f5": {
    "asset": 1586331868000,
    "meta": 1593651768114,
    "relativePath": "particle\\atom.plist"
  },
  "ed88f13d-fcad-4848-aa35-65a2cb973584": {
    "asset": 1590377125530,
    "meta": 1593651767715,
    "relativePath": "prefab\\3d-stage.prefab"
  },
  "972b9a4d-47ee-4c74-b5c3-61d8a69bc29f": {
    "asset": 1590377125540,
    "meta": 1593651767720,
    "relativePath": "prefab\\button.prefab"
  },
  "2c937608-2562-40ea-b264-7395df6f0cea": {
    "asset": 1590377125550,
    "meta": 1593651767724,
    "relativePath": "prefab\\canvas.prefab"
  },
  "61aeb05b-3b32-452b-8eed-2b76deeed554": {
    "asset": 1590377125550,
    "meta": 1593651767728,
    "relativePath": "prefab\\editbox.prefab"
  },
  "27756ebb-3d33-44b0-9b96-e858fadd4dd4": {
    "asset": 1590377125560,
    "meta": 1593651767733,
    "relativePath": "prefab\\label.prefab"
  },
  "785a442c-3ceb-45be-a46e-7317f625f3b9": {
    "asset": 1590377125570,
    "meta": 1593651767737,
    "relativePath": "prefab\\layout.prefab"
  },
  "a3ee0214-b432-4865-9666-4a3211814282": {
    "asset": 1586331868000,
    "meta": 1586331868000,
    "relativePath": "prefab\\light"
  },
  "61906da3-7003-4bda-9abc-5769c76faee4": {
    "asset": 1590377125570,
    "meta": 1593651767761,
    "relativePath": "prefab\\light\\ambient.prefab"
  },
  "ddb99b39-7004-47cd-9705-751905c43c46": {
    "asset": 1590377125580,
    "meta": 1593651767765,
    "relativePath": "prefab\\light\\directional.prefab"
  },
  "0cf30284-9073-46bc-9eba-e62b69dbbff3": {
    "asset": 1590377125590,
    "meta": 1593651767769,
    "relativePath": "prefab\\light\\point.prefab"
  },
  "f5331fd2-bf42-4ee3-a3fd-3e1657600eff": {
    "asset": 1590377125590,
    "meta": 1593651767773,
    "relativePath": "prefab\\light\\spot.prefab"
  },
  "ca8401fe-ad6e-41a8-bd46-8e3e4e9945be": {
    "asset": 1590377125610,
    "meta": 1593651767786,
    "relativePath": "prefab\\pageview.prefab"
  },
  "cd33edea-55f5-46c2-958d-357a01384a36": {
    "asset": 1590377125610,
    "meta": 1593651767802,
    "relativePath": "prefab\\particlesystem.prefab"
  },
  "5965ffac-69da-4b55-bcde-9225d0613c28": {
    "asset": 1590377125620,
    "meta": 1593651767808,
    "relativePath": "prefab\\progressBar.prefab"
  },
  "4a37dd57-78cd-4cec-aad4-f11a73d12b63": {
    "asset": 1590377125630,
    "meta": 1593651767818,
    "relativePath": "prefab\\richtext.prefab"
  },
  "32044bd2-481f-4cf1-a656-e2b2fb1594eb": {
    "asset": 1590377125640,
    "meta": 1593651767836,
    "relativePath": "prefab\\scrollview.prefab"
  },
  "0004d1cf-a0ad-47d8-ab17-34d3db9d35a3": {
    "asset": 1590377125640,
    "meta": 1593651767843,
    "relativePath": "prefab\\slider.prefab"
  },
  "1f55e3be-b89b-4b79-88de-47fd31018044": {
    "asset": 1590377125660,
    "meta": 1593651767848,
    "relativePath": "prefab\\sprite_splash.prefab"
  },
  "96083d03-c332-4a3f-9386-d03e2d19e8ee": {
    "asset": 1590377125660,
    "meta": 1593651767854,
    "relativePath": "prefab\\sprite.prefab"
  },
  "7de03a80-4457-438d-95a7-3e7cdffd6086": {
    "asset": 1590377125670,
    "meta": 1593651767862,
    "relativePath": "prefab\\tiledmap.prefab"
  },
  "0e42ba95-1fa1-46aa-b2cf-143cd1bcee2c": {
    "asset": 1590377125680,
    "meta": 1593651767866,
    "relativePath": "prefab\\tiledtile.prefab"
  },
  "0d784963-d024-4ea6-a7db-03be0ad63010": {
    "asset": 1590377125680,
    "meta": 1593651767869,
    "relativePath": "prefab\\toggle.prefab"
  },
  "bf0a434c-84dd-4a8e-a08a-7a36f180cc75": {
    "asset": 1590377125690,
    "meta": 1593651767874,
    "relativePath": "prefab\\toggleContainer.prefab"
  },
  "d1b8be49-b0a0-435c-83b7-552bed4bbe35": {
    "asset": 1590377125700,
    "meta": 1593651767878,
    "relativePath": "prefab\\toggleGroup.prefab"
  },
  "232d2782-c4bd-4bb4-9e01-909f03d6d3b9": {
    "asset": 1590377125700,
    "meta": 1593651767882,
    "relativePath": "prefab\\videoplayer.prefab"
  },
  "d8afc78c-4eac-4a9f-83dd-67bc70344d33": {
    "asset": 1586331868000,
    "meta": 1586331868000,
    "relativePath": "resources"
  },
  "294c1663-4adf-4a1e-a795-53808011a38a": {
    "asset": 1586331868000,
    "meta": 1586331868000,
    "relativePath": "resources\\effects"
  },
  "8c5001fd-07ee-4a4b-a8a0-63e15195e94d": {
    "asset": 1590377125720,
    "meta": 1593651767998,
    "relativePath": "prefab\\webview.prefab"
  },
  "144c3297-af63-49e8-b8ef-1cfa29b3be28": {
    "asset": 1586331868000,
    "meta": 1593651767894,
    "relativePath": "resources\\effects\\builtin-2d-gray-sprite.effect"
  },
  "0e93aeaa-0b53-4e40-b8e0-6268b4e07bd7": {
    "asset": 1586331868000,
    "meta": 1593651767907,
    "relativePath": "resources\\effects\\builtin-2d-spine.effect"
  },
  "2874f8dd-416c-4440-81b7-555975426e93": {
    "asset": 1586331868000,
    "meta": 1593651767923,
    "relativePath": "resources\\effects\\builtin-2d-sprite.effect"
  },
  "829a282c-b049-4019-bd38-5ace8d8a6417": {
    "asset": 1586331868000,
    "meta": 1593651767995,
    "relativePath": "resources\\effects\\builtin-3d-particle.effect"
  },
  "2a7c0036-e0b3-4fe1-8998-89a54b8a2bec": {
    "asset": 1586331868000,
    "meta": 1593651768022,
    "relativePath": "resources\\effects\\builtin-3d-trail.effect"
  },
  "c0040c95-c57f-49cd-9cbc-12316b73d0d4": {
    "asset": 1586331868000,
    "meta": 1593651768033,
    "relativePath": "resources\\effects\\builtin-clear-stencil.effect"
  },
  "6d91e591-4ce0-465c-809f-610ec95019c6": {
    "asset": 1586331868000,
    "meta": 1593651768052,
    "relativePath": "resources\\effects\\builtin-unlit.effect"
  },
  "bbee2217-c261-49bd-a8ce-708d6bcc3500": {
    "asset": 1586331868000,
    "meta": 1586331868000,
    "relativePath": "resources\\materials"
  },
  "6f801092-0c37-4f30-89ef-c8d960825b36": {
    "asset": 1586331868000,
    "meta": 1593651768141,
    "relativePath": "resources\\materials\\builtin-2d-base.mtl"
  },
  "3a7bb79f-32fd-422e-ada2-96f518fed422": {
    "asset": 1586331868000,
    "meta": 1593651768140,
    "relativePath": "resources\\materials\\builtin-2d-gray-sprite.mtl"
  },
  "7afd064b-113f-480e-b793-8817d19f63c3": {
    "asset": 1586331868000,
    "meta": 1593651768142,
    "relativePath": "resources\\materials\\builtin-2d-spine.mtl"
  },
  "eca5d2f2-8ef6-41c2-bbe6-f9c79d09c432": {
    "asset": 1586331868000,
    "meta": 1593651768144,
    "relativePath": "resources\\materials\\builtin-2d-sprite.mtl"
  },
  "432fa09c-cf03-4cff-a186-982604408a07": {
    "asset": 1586331868000,
    "meta": 1593651768146,
    "relativePath": "resources\\materials\\builtin-3d-particle.mtl"
  },
  "466d4f9b-e5f4-4ea8-85d5-3c6e9a65658a": {
    "asset": 1586331868000,
    "meta": 1593651768145,
    "relativePath": "resources\\materials\\builtin-3d-trail.mtl"
  },
  "cf7e0bb8-a81c-44a9-ad79-d28d43991032": {
    "asset": 1586331868000,
    "meta": 1593651768147,
    "relativePath": "resources\\materials\\builtin-clear-stencil.mtl"
  },
  "2a296057-247c-4a1c-bbeb-0548b6c98650": {
    "asset": 1586331868000,
    "meta": 1593651768148,
    "relativePath": "resources\\materials\\builtin-unlit.mtl"
  },
  "954fec8b-cd16-4bb9-a3b7-7719660e7558": {
    "asset": 1586331868000,
    "meta": 1593651770188,
    "relativePath": "model\\primitives.fbx"
  },
  "76a17d6f-5fb5-4221-a7c3-4dd14743d6fb": {
    "asset": 1590733387393,
    "meta": 1590635690126,
    "relativePath": "scripts"
  },
  "9d2add75-3c7e-4b0f-906a-0091daa67878": {
    "asset": 1590644316917,
    "meta": 1590635698802,
    "relativePath": "textrues"
  },
  "0dc6c4cb-c4bf-4296-a30d-4180d1d8170d": {
    "asset": 1590635779450,
    "meta": 1590635779485,
    "relativePath": "textrues\\menubackg.jpg"
  },
  "96642738-0a3c-4530-811b-a85ebf0a3181": {
    "asset": 1590735391197,
    "meta": 1590735391232,
    "relativePath": "main.fire"
  },
  "cbe94055-3337-4074-9534-9faaf092b8c3": {
    "asset": 1590644316892,
    "meta": 1590644316940,
    "relativePath": "textrues\\player.png"
  },
  "112f1e4f-8660-47f7-874c-a72e5973b2ff": {
    "asset": 1590659445467,
    "meta": 1590651907921,
    "relativePath": "prefabs"
  },
  "b293c378-2d47-4f6c-8df9-2f63cb82ac90": {
    "asset": 1590660872239,
    "meta": 1590660872275,
    "relativePath": "prefabs\\Bullet.prefab"
  },
  "218a8043-05d0-4082-a0c3-251b744948fb": {
    "asset": 1590721248770,
    "meta": 1590721248812,
    "relativePath": "prefabs\\Enemy.prefab"
  },
  "0866af69-fe08-4b2e-ac90-79167ff1802e": {
    "asset": 1590661593830,
    "meta": 1590662118161,
    "relativePath": "scripts\\IDestroy.ts"
  },
  "b16bf221-ea93-4763-87f1-7bd427b60c67": {
    "asset": 1590722044507,
    "meta": 1590722397946,
    "relativePath": "scripts\\AircraftBase.ts"
  },
  "2fcbb2c5-bf16-4e08-8ac9-a778616616ef": {
    "asset": 1590722995212,
    "meta": 1590723001050,
    "relativePath": "scripts\\Menu.ts"
  },
  "43ed351f-962f-4899-b078-b41806ac50c8": {
    "asset": 1590724354054,
    "meta": 1590724360790,
    "relativePath": "scripts\\BulletCollision.ts"
  },
  "e9b966e4-490b-4358-818b-fc6c53d1fd26": {
    "asset": 1590729938375,
    "meta": 1590729939939,
    "relativePath": "scripts\\Enemy.ts"
  },
  "d7b20b22-1e31-4cef-94c5-f0e33ed3387c": {
    "asset": 1590730239296,
    "meta": 1590730269533,
    "relativePath": "scripts\\Player.ts"
  },
  "9c1c544f-6160-40cd-94d6-ef1516dc75c0": {
    "asset": 1590730363487,
    "meta": 1590730394307,
    "relativePath": "scripts\\Game.ts"
  },
  "cdb5e4ca-7827-412c-8abf-7408b7a0ab8d": {
    "asset": 1590730460401,
    "meta": 1590730461237,
    "relativePath": "scripts\\Restart.ts"
  },
  "c9bb3759-2711-4989-8df3-2ef0b426fa3b": {
    "asset": 1590733899815,
    "meta": 1590733915199,
    "relativePath": "scripts\\UrlButton.ts"
  }
}